Timestamp,Score,Name of Facility,County,Role of respondent,How was this assessment administered?,1. Which of the following devices is a tablet?,2. Which of the following is an example of an email address? ,3. Which of the following devices is a computer?,4. Which of the following shows the button used to turn on the computer?,5. You can send a file or photo as an attachment in an email.,6. Which of the following is the BEST practice when entering data into a health form?,7. Why is it important to enter patient data accurately into a digital health system?,8. You receive an email asking you to click a link and enter your password urgently. What should you do?,9. Turning a device off and on again (restarting) can fix many common software problems.,10. What is a web browser?,Thanks for completing this assessment. Do you have a comment / feedback to share? Please do.
5/11/2026 10:33:16,80 / 100,JJ Dossen Hospital,Maryland,Record Officer / Data Clerk / Registrar,Self-administered (staff reads independently),A,healthworker@moh.gov.lr,B,C,TRUE,Enter data at end of the week when you have more time,To ensure correct treatment decisions and reliable health reports,Click the link and enter your password immediately,TRUE,A tool used to access and view websites on the internet,
5/11/2026 10:41:04,60 / 100,JJ Dossen Hospital,Maryland,Record Officer / Data Clerk / Registrar,Self-administered (staff reads independently),C,healthworker@moh.gov.lr,B,A,TRUE,"Enter data as soon as possible after the patient visit, while information is fresh",To make the system run faster,,TRUE,A tool used to access and view websites on the internet,
5/11/2026 10:48:35,20 / 100,JJ Dossen Hospital,Maryland,"Administrative / Management (HR, Logistics, Finance, etc.)",Self-administered (staff reads independently),C,Health Worker / MOH / Liberia,A,A,FALSE,Enter data at end of the week when you have more time,To make the system run faster,Click the link and enter your password immediately,TRUE,A tool used to access and view websites on the internet,
5/11/2026 10:53:34,70 / 100,JJ Dossen Hospital,Maryland,Record Officer / Data Clerk / Registrar,Self-administered (staff reads independently),A,healthworker@moh.gov.lr,B,C,TRUE,"Enter data as soon as possible after the patient visit, while information is fresh",To ensure correct treatment decisions and reliable health reports,Click the link and enter your password immediately,FALSE,A type of internet connection,
5/11/2026 10:59:30,50 / 100,JJ Dossen Hospital,Maryland,Record Officer / Data Clerk / Registrar,Self-administered (staff reads independently),B,healthworker@moh.gov.lr,B,A,TRUE,"Enter data as soon as possible after the patient visit, while information is fresh",To make the system run faster,Click the link and enter your password immediately,TRUE,A programme that stores your files and documents,
5/11/2026 12:28:40,90 / 100,GW Harley Hospital,Nimba,"Administrative / Management (HR, Logistics, Finance, etc.)",Self-administered (staff reads independently),A,healthworker@moh.gov.lr,B,C,TRUE,"Enter data as soon as possible after the patient visit, while information is fresh",To ensure correct treatment decisions and reliable health reports,Click the link and enter your password immediately,TRUE,A tool used to access and view websites on the internet,What is system will be used for? Will there be a training before its use?
5/11/2026 12:53:05,90 / 100,GW Harley Hospital,Nimba,Supply chain coordinator,Enumerator-read (verbal),A,healthworker@moh.gov.lr,B,C,TRUE,"Enter data as soon as possible after the patient visit, while information is fresh",To ensure correct treatment decisions and reliable health reports,Ignore it and delete it - it is likely a phishing attempt,TRUE,A tool used to access and view websites on the internet,When will this program get started in the county?
5/11/2026 13:03:20,80 / 100,GW Harley Hospital,Nimba,Record Officer / Data Clerk / Registrar,Self-administered (staff reads independently),A,healthworker@moh.gov.lr,B,C,TRUE,"Enter data as soon as possible after the patient visit, while information is fresh",To make the system run faster,Click the link and enter your password immediately,TRUE,A tool used to access and view websites on the internet,Philemon Gbarwee
5/11/2026 13:16:07,60 / 100,GW Harley Hospital,Nimba,"Administrative / Management (HR, Logistics, Finance, etc.)",Self-administered (staff reads independently),C,healthworker@moh.gov.lr,B,C,TRUE,Enter data at end of the week when you have more time,To ensure correct treatment decisions and reliable health reports,Click the link and enter your password immediately,TRUE,A type of internet connection,
5/11/2026 13:37:37,70 / 100,GW Harley Hospital,Nimba,"Administrative / Management (HR, Logistics, Finance, etc.)",Self-administered (staff reads independently),A,healthworker@moh.gov.lr,B,C,TRUE,Enter data at end of the week when you have more time,To ensure correct treatment decisions and reliable health reports,Click the link and enter your password immediately,TRUE,A type of internet connection,
5/11/2026 14:03:45,90 / 100,GW Harley Hospital,Nimba,"Administrative / Management (HR, Logistics, Finance, etc.)",Enumerator-read (verbal),A,healthworker@moh.gov.lr,B,C,TRUE,"Enter data as soon as possible after the patient visit, while information is fresh",To ensure correct treatment decisions and reliable health reports,Click the link and enter your password immediately,TRUE,A tool used to access and view websites on the internet,What is the result of this assessment?
5/11/2026 14:18:14,80 / 100,Sinje Health Center,Grand Cape Mount,Nurse / Midwife,Self-administered (staff reads independently),A,healthworker@moh.gov.lr,B,C,TRUE,"Enter data as soon as possible after the patient visit, while information is fresh",To ensure correct treatment decisions and reliable health reports,Ignore it and delete it - it is likely a phishing attempt,TRUE,A programme that stores your files and documents,
5/11/2026 14:22:10,90 / 100,Sinje Health Center,Grand Cape Mount,Nurse / Midwife,Self-administered (staff reads independently),A,healthworker@moh.gov.lr,B,C,TRUE,"Enter data as soon as possible after the patient visit, while information is fresh",To ensure correct treatment decisions and reliable health reports,Click the link and enter your password immediately,TRUE,A tool used to access and view websites on the internet,
5/11/2026 14:22:19,90 / 100,Sinje Health Center,Grand Cape Mount,Nurse / Midwife,Self-administered (staff reads independently),A,healthworker@moh.gov.lr,B,C,TRUE,"Enter data as soon as possible after the patient visit, while information is fresh",To ensure correct treatment decisions and reliable health reports,Click the link and enter your password immediately,TRUE,A tool used to access and view websites on the internet,
5/11/2026 14:24:15,50 / 100,Sinje Health Center,Grand Cape Mount,Lab / Pharmacy Staff,Self-administered (staff reads independently),A,www.healthliberia.gov.lr,B,A,TRUE,"Enter data as soon as possible after the patient visit, while information is fresh",To avoid paying for paper registers,,TRUE,A device connected to Wi-Fi,
5/11/2026 14:27:52,80 / 100,Sinje Health Center,Grand Cape Mount,Record Officer / Data Clerk / Registrar,Self-administered (staff reads independently),A,healthworker@moh.gov.lr,B,C,TRUE,"Enter data as soon as possible after the patient visit, while information is fresh",To ensure correct treatment decisions and reliable health reports,Click the link and enter your password immediately,TRUE,A programme that stores your files and documents,
5/11/2026 15:58:47,80 / 100,Pleebo Health Center,Maryland,Record Officer / Data Clerk / Registrar,Self-administered (staff reads independently),A,healthworker@moh.gov.lr,B,C,TRUE,Enter data at end of the week when you have more time,To ensure correct treatment decisions and reliable health reports,Ignore it and delete it - it is likely a phishing attempt,TRUE,A tool used to access and view websites on the internet,
5/11/2026 16:00:42,30 / 100,Pleebo Health Center,Maryland,Record Officer / Data Clerk / Registrar,Self-administered (staff reads independently),B,www.healthliberia.gov.lr,A,B,TRUE,"Enter data as soon as possible after the patient visit, while information is fresh",To make the system run faster,Reply with your password so they can verify,TRUE,A device connected to Wi-Fi,
5/11/2026 16:06:03,30 / 100,Pleebo Health Center,Maryland,Officer-In-Charge / Doctor / Medical Officer / Clinical Officer,Self-administered (staff reads independently),A,www.healthliberia.gov.lr,A,B,TRUE,Wait until the system is connected to the internet before entering any data,To ensure correct treatment decisions and reliable health reports,Click the link and enter your password immediately,FALSE,A programme that stores your files and documents,
5/11/2026 16:11:07,90 / 100,Pleebo Health Center,Maryland,Operations (Warehouse Assistant),Self-administered (staff reads independently),A,healthworker@moh.gov.lr,B,C,TRUE,"Enter data as soon as possible after the patient visit, while information is fresh",To ensure correct treatment decisions and reliable health reports,Click the link and enter your password immediately,TRUE,A tool used to access and view websites on the internet,
5/11/2026 16:14:03,80 / 100,Pleebo Health Center,Maryland,Record Officer / Data Clerk / Registrar,Self-administered (staff reads independently),A,healthworker@moh.gov.lr,B,C,TRUE,"Enter data as soon as possible after the patient visit, while information is fresh",To ensure correct treatment decisions and reliable health reports,Click the link and enter your password immediately,FALSE,A tool used to access and view websites on the internet,
5/11/2026 19:07:56,90 / 100,WAHO  Health Center,Grand Cape Mount,Nurse / Midwife,Enumerator-read (verbal),A,healthworker@moh.gov.lr,B,C,TRUE,"Enter data as soon as possible after the patient visit, while information is fresh",To ensure correct treatment decisions and reliable health reports,Click the link and enter your password immediately,TRUE,A tool used to access and view websites on the internet,
5/11/2026 19:14:40,90 / 100,WAHO  Health Center,Grand Cape Mount,Nurse / Midwife,Self-administered (staff reads independently),A,healthworker@moh.gov.lr,B,C,TRUE,"Enter data as soon as possible after the patient visit, while information is fresh",To ensure correct treatment decisions and reliable health reports,Click the link and enter your password immediately,TRUE,A tool used to access and view websites on the internet,
5/11/2026 19:21:32,80 / 100,WAHO  Health Center,Grand Cape Mount,Nurse / Midwife,Self-administered (staff reads independently),A,healthworker@moh.gov.lr,B,C,TRUE,"Enter data as soon as possible after the patient visit, while information is fresh",To ensure correct treatment decisions and reliable health reports,Click the link and enter your password immediately,FALSE,A tool used to access and view websites on the internet,
5/11/2026 19:32:23,90 / 100,WAHO  Health Center,Grand Cape Mount,Lab / Pharmacy Staff,Self-administered (staff reads independently),A,healthworker@moh.gov.lr,B,C,TRUE,"Enter data as soon as possible after the patient visit, while information is fresh",To ensure correct treatment decisions and reliable health reports,Click the link and enter your password immediately,TRUE,A tool used to access and view websites on the internet,
5/11/2026 19:39:37,20 / 100,WAHO  Health Center,Grand Cape Mount,Nurse / Midwife,Self-administered (staff reads independently),C,Health Worker / MOH / Liberia,C,A,FALSE,"Enter data as soon as possible after the patient visit, while information is fresh",To ensure correct treatment decisions and reliable health reports,Click the link and enter your password immediately,FALSE,A type of internet connection,
5/11/2026 19:50:46,70 / 100,WAHO  Health Center,Grand Cape Mount,Nurse / Midwife,Self-administered (staff reads independently),A,healthworker@moh.gov.lr,B,C,TRUE,"Enter data as soon as possible after the patient visit, while information is fresh",To ensure correct treatment decisions and reliable health reports,Click the link and enter your password immediately,FALSE,,
5/12/2026 9:16:54,70 / 100,Lofa Bridge Health Center,Grand Cape Mount,Nurse / Midwife,Enumerator-read (verbal),A,healthworker@moh.gov.lr,B,C,TRUE,Enter data at end of the week when you have more time,To ensure correct treatment decisions and reliable health reports,Click the link and enter your password immediately,TRUE,A programme that stores your files and documents,"I just to appreciate you for coming. With this digital information it will help improve our health systems and accurately report patients health record.
"
5/12/2026 9:21:13,80 / 100,Karnplay Health Center,Nimba,ER Supervisor ,Self-administered (staff reads independently),A,healthworker@moh.gov.lr,B,C,TRUE,"Enter data as soon as possible after the patient visit, while information is fresh",To ensure correct treatment decisions and reliable health reports,Click the link and enter your password immediately,FALSE,A tool used to access and view websites on the internet,Appreciate the government and it partners for this initiative 
5/12/2026 9:32:18,80 / 100,Lofa Bridge Health Center,Grand Cape Mount,Nurse / Midwife,Enumerator-read (verbal),A,healthworker@moh.gov.lr,B,C,TRUE,"Enter data as soon as possible after the patient visit, while information is fresh",To ensure correct treatment decisions and reliable health reports,Click the link and enter your password immediately,TRUE,A programme that stores your files and documents,Those public facility government should provide education on how to use those devices.
5/12/2026 9:39:10,90 / 100,Karnplay Health Center,Nimba,Officer-In-Charge / Doctor / Medical Officer / Clinical Officer,Self-administered (staff reads independently),A,healthworker@moh.gov.lr,B,C,TRUE,"Enter data as soon as possible after the patient visit, while information is fresh",To ensure correct treatment decisions and reliable health reports,Click the link and enter your password immediately,TRUE,A tool used to access and view websites on the internet,
5/12/2026 9:41:52,70 / 100,Lofa Bridge Health Center,Grand Cape Mount,Nurse / Midwife,Enumerator-read (verbal),A,www.healthliberia.gov.lr,B,C,TRUE,"Enter data as soon as possible after the patient visit, while information is fresh",To make the system run faster,Click the link and enter your password immediately,TRUE,A tool used to access and view websites on the internet,I want to appreciate the Government for trying to bring in such a system that will make our work faster. 
5/12/2026 9:58:59,80 / 100,Lofa Bridge Health Center,Grand Cape Mount,Nurse / Midwife,Enumerator-read (verbal),A,healthworker@moh.gov.lr,B,C,TRUE,"Enter data as soon as possible after the patient visit, while information is fresh",To avoid paying for paper registers,Ignore it and delete it - it is likely a phishing attempt,TRUE,A tool used to access and view websites on the internet,Thanks and we pray that what you people are trying to put in place will not delay.
5/12/2026 10:08:32,80 / 100,Lofa Bridge Health Center,Grand Cape Mount,Community Health Worker,Enumerator-read (verbal),A,healthworker@moh.gov.lr,B,C,TRUE,"Enter data as soon as possible after the patient visit, while information is fresh",To ensure correct treatment decisions and reliable health reports,Forward it to all your colleagues,FALSE,A tool used to access and view websites on the internet,No
5/12/2026 10:15:25,80 / 100,Karnplay Health Center,Nimba,"Administrative / Management (HR, Logistics, Finance, etc.)",Self-administered (staff reads independently),A,healthworker@moh.gov.lr,B,C,TRUE,"Enter data as soon as possible after the patient visit, while information is fresh",To make the system run faster,Click the link and enter your password immediately,TRUE,A tool used to access and view websites on the internet,
5/12/2026 10:26:12,80 / 100,Karnplay Health Center,Nimba,Lab / Pharmacy Staff,Enumerator-read (verbal),A,healthworker@moh.gov.lr,B,C,TRUE,"Enter data as soon as possible after the patient visit, while information is fresh",To ensure correct treatment decisions and reliable health reports,Click the link and enter your password immediately,TRUE,A device connected to Wi-Fi,Will you conduct training before installing this internet?
5/12/2026 10:35:50,80 / 100,Karnplay Health Center,Nimba,Store room clerk,Self-administered (staff reads independently),A,healthworker@moh.gov.lr,B,C,TRUE,"Enter data as soon as possible after the patient visit, while information is fresh",To ensure correct treatment decisions and reliable health reports,Reply with your password so they can verify,FALSE,A tool used to access and view websites on the internet,
5/12/2026 11:48:27,70 / 100,Sarbo Health Center,River Gee,"Administrative / Management (HR, Logistics, Finance, etc.)",Self-administered (staff reads independently),B,healthworker@moh.gov.lr,B,A,TRUE,"Enter data as soon as possible after the patient visit, while information is fresh",To ensure correct treatment decisions and reliable health reports,Click the link and enter your password immediately,TRUE,A tool used to access and view websites on the internet,
5/12/2026 11:57:32,60 / 100,Sarbo Health Center,River Gee,Lab / Pharmacy Staff,Self-administered (staff reads independently),A,www.healthliberia.gov.lr,B,D,TRUE,"Enter data as soon as possible after the patient visit, while information is fresh",To make the system run faster,Click the link and enter your password immediately,TRUE,A tool used to access and view websites on the internet,
5/12/2026 12:02:43,80 / 100,Sarbo Health Center,River Gee,Nurse / Midwife,Self-administered (staff reads independently),A,healthworker@moh.gov.lr,B,C,TRUE,"Enter data as soon as possible after the patient visit, while information is fresh",To ensure correct treatment decisions and reliable health reports,Reply with your password so they can verify,TRUE,A type of internet connection,
5/12/2026 12:11:03,70 / 100,Sarbo Health Center,River Gee,Nurse / Midwife,Enumerator-read (verbal),A,healthworker@moh.gov.lr,B,D,TRUE,"Enter data as soon as possible after the patient visit, while information is fresh",To make the system run faster,Click the link and enter your password immediately,TRUE,A tool used to access and view websites on the internet,
5/12/2026 12:17:32,50 / 100,Sarbo Health Center,River Gee,Record Officer / Data Clerk / Registrar,Self-administered (staff reads independently),A,www.healthliberia.gov.lr,B,A,TRUE,"Enter data as soon as possible after the patient visit, while information is fresh",To make the system run faster,Forward it to all your colleagues,TRUE,A programme that stores your files and documents,
5/12/2026 12:53:19,90 / 100,Kakata Health Center,Margibi,"Administrative / Management (HR, Logistics, Finance, etc.)",Self-administered (staff reads independently),A,healthworker@moh.gov.lr,B,C,TRUE,"Enter data as soon as possible after the patient visit, while information is fresh",To ensure correct treatment decisions and reliable health reports,Ignore it and delete it - it is likely a phishing attempt,TRUE,A tool used to access and view websites on the internet,
5/12/2026 12:57:22,70 / 100,Kakata Health Center,Margibi,"Administrative / Management (HR, Logistics, Finance, etc.)",Self-administered (staff reads independently),A,healthworker@moh.gov.lr,B,C,TRUE,Wait until the system is connected to the internet before entering any data,To ensure correct treatment decisions and reliable health reports,Click the link and enter your password immediately,TRUE,A type of internet connection,
5/12/2026 13:06:41,90 / 100,Kakata Health Center,Margibi,Record Officer / Data Clerk / Registrar,Self-administered (staff reads independently),A,healthworker@moh.gov.lr,B,C,TRUE,"Enter data as soon as possible after the patient visit, while information is fresh",To ensure correct treatment decisions and reliable health reports,Click the link and enter your password immediately,TRUE,A tool used to access and view websites on the internet,
5/12/2026 13:09:19,70 / 100,Kakata Health Center,Margibi,Nurse / Midwife,Self-administered (staff reads independently),A,healthworker@moh.gov.lr,B,C,TRUE,"Enter data as soon as possible after the patient visit, while information is fresh",To make the system run faster,Click the link and enter your password immediately,FALSE,A tool used to access and view websites on the internet,
5/12/2026 13:19:12,90 / 100,Kakata Health Center,Margibi,Nurse / Midwife,Self-administered (staff reads independently),A,healthworker@moh.gov.lr,B,C,TRUE,"Enter data as soon as possible after the patient visit, while information is fresh",To ensure correct treatment decisions and reliable health reports,Reply with your password so they can verify,TRUE,A tool used to access and view websites on the internet,
5/12/2026 13:26:01,70 / 100,Kakata Health Center,Margibi,Community Health Worker,Self-administered (staff reads independently),A,Health Worker / MOH / Liberia,B,C,TRUE,"Enter data as soon as possible after the patient visit, while information is fresh",To make the system run faster,Click the link and enter your password immediately,TRUE,A tool used to access and view websites on the internet,
5/12/2026 14:25:07,70 / 100,Gbeapo Health Center,River Gee,Officer-In-Charge / Doctor / Medical Officer / Clinical Officer,Self-administered (staff reads independently),A,www.healthliberia.gov.lr,B,A,TRUE,"Enter data as soon as possible after the patient visit, while information is fresh",To ensure correct treatment decisions and reliable health reports,Click the link and enter your password immediately,TRUE,A tool used to access and view websites on the internet,
5/12/2026 14:37:22,50 / 100,Gbeapo Health Center,River Gee,Lab / Pharmacy Staff,Enumerator-read (verbal),A,Health Worker / MOH / Liberia,D,A,FALSE,"Enter data as soon as possible after the patient visit, while information is fresh",To ensure correct treatment decisions and reliable health reports,Ignore it and delete it - it is likely a phishing attempt,TRUE,A tool used to access and view websites on the internet,
5/12/2026 14:44:48,50 / 100,Gbeapo Health Center,River Gee,Record Officer / Data Clerk / Registrar,Enumerator-read (verbal),A,healthworker@moh.gov.lr,B,A,TRUE,Wait until the system is connected to the internet before entering any data,To ensure correct treatment decisions and reliable health reports,Reply with your password so they can verify,FALSE,A device connected to Wi-Fi,
5/12/2026 14:53:45,70 / 100,Gbeapo Health Center,River Gee,Officer-In-Charge / Doctor / Medical Officer / Clinical Officer,Self-administered (staff reads independently),A,www.healthliberia.gov.lr,B,C,TRUE,"Enter data as soon as possible after the patient visit, while information is fresh",To make the system run faster,Click the link and enter your password immediately,TRUE,A tool used to access and view websites on the internet,
5/12/2026 14:59:20,90 / 100,Sacleapea Comprehensive Health Center,Nimba,"Administrative / Management (HR, Logistics, Finance, etc.)",Self-administered (staff reads independently),A,healthworker@moh.gov.lr,B,C,TRUE,"Enter data as soon as possible after the patient visit, while information is fresh",To ensure correct treatment decisions and reliable health reports,Click the link and enter your password immediately,TRUE,A tool used to access and view websites on the internet,
5/12/2026 15:02:21,90 / 100,Gbeapo Health Center,River Gee,Nurse / Midwife,Self-administered (staff reads independently),A,healthworker@moh.gov.lr,B,C,TRUE,"Enter data as soon as possible after the patient visit, while information is fresh",To ensure correct treatment decisions and reliable health reports,Click the link and enter your password immediately,TRUE,A tool used to access and view websites on the internet,
5/12/2026 15:15:05,40 / 100,Sacleapea Comprehensive Health Center,Nimba,Lab / Pharmacy Staff,Enumerator-read (verbal),B,healthworker@moh.gov.lr,B,C,TRUE,Enter data at end of the week when you have more time,To make the system run faster,Click the link and enter your password immediately,FALSE,A device connected to Wi-Fi,I  will feel proud if the government of Liberia provides computer and training for us.
5/12/2026 15:21:20,70 / 100,Massaquoi Town Health Center,Margibi,Record Officer / Data Clerk / Registrar,Self-administered (staff reads independently),A,healthworker@moh.gov.lr,B,C,FALSE,"Enter data as soon as possible after the patient visit, while information is fresh",To ensure correct treatment decisions and reliable health reports,Click the link and enter your password immediately,FALSE,A tool used to access and view websites on the internet,
5/12/2026 15:22:09,60 / 100,Massaquoi Town Health Center,Margibi,Janitor ,Enumerator-read (verbal),A,Health Worker / MOH / Liberia,B,C,TRUE,"Enter data as soon as possible after the patient visit, while information is fresh",To make the system run faster,Forward it to all your colleagues,TRUE,A device connected to Wi-Fi,
5/12/2026 15:28:05,70 / 100,Massaquoi Town Health Center,Margibi,Nurse / Midwife,Self-administered (staff reads independently),A,www.healthliberia.gov.lr,B,C,TRUE,"Enter data as soon as possible after the patient visit, while information is fresh",To ensure correct treatment decisions and reliable health reports,Click the link and enter your password immediately,FALSE,A tool used to access and view websites on the internet,
5/12/2026 15:29:27,60 / 100,Massaquoi Town Health Center,Margibi,Lab / Pharmacy Staff,Enumerator-read (verbal),A,www.healthliberia.gov.lr,B,C,TRUE,"Enter data as soon as possible after the patient visit, while information is fresh",To ensure correct treatment decisions and reliable health reports,Reply with your password so they can verify,FALSE,A programme that stores your files and documents,
5/12/2026 15:38:16,70 / 100,Sacleapea Comprehensive Health Center,Nimba,Record Officer / Data Clerk / Registrar,Enumerator-read (verbal),A,healthworker@moh.gov.lr,B,A,TRUE,Enter data at end of the week when you have more time,To ensure correct treatment decisions and reliable health reports,Click the link and enter your password immediately,TRUE,A tool used to access and view websites on the internet,
5/12/2026 16:10:15,70 / 100,Sacleapea Comprehensive Health Center,Nimba,"Administrative / Management (HR, Logistics, Finance, etc.)",Self-administered (staff reads independently),A,healthworker@moh.gov.lr,B,C,TRUE,"Enter data as soon as possible after the patient visit, while information is fresh",To make the system run faster,Click the link and enter your password immediately,FALSE,A tool used to access and view websites on the internet,"Thanks for the exercise 
Will appreciate this system a lot because it will help us as a facility and also our patients on the records system especially when people are trained on computers and so on
 "
5/12/2026 16:14:46,70 / 100,Kakata Health Center,Margibi,Officer-In-Charge / Doctor / Medical Officer / Clinical Officer,Self-administered (staff reads independently),A,healthworker@moh.gov.lr,B,D,TRUE,Enter data at end of the week when you have more time,To ensure correct treatment decisions and reliable health reports,Ignore it and delete it - it is likely a phishing attempt,TRUE,A tool used to access and view websites on the internet,
5/12/2026 16:17:22,70 / 100,Sacleapea Comprehensive Health Center,Nimba,Procurement officer,Self-administered (staff reads independently),A,healthworker@moh.gov.lr,B,C,TRUE,"Enter data as soon as possible after the patient visit, while information is fresh",To make the system run faster,Click the link and enter your password immediately,FALSE,A tool used to access and view websites on the internet,
5/12/2026 16:22:46,90 / 100,Sacleapea Comprehensive Health Center,Nimba,Record Officer / Data Clerk / Registrar,Self-administered (staff reads independently),A,healthworker@moh.gov.lr,B,C,TRUE,"Enter data as soon as possible after the patient visit, while information is fresh",To ensure correct treatment decisions and reliable health reports,Reply with your password so they can verify,TRUE,A tool used to access and view websites on the internet,
5/13/2026 8:34:37,70 / 100,Bahn Health Center,Nimba,"Administrative / Management (HR, Logistics, Finance, etc.)",Self-administered (staff reads independently),A,healthworker@moh.gov.lr,B,C,TRUE,"Enter data as soon as possible after the patient visit, while information is fresh",To make the system run faster,Click the link and enter your password immediately,TRUE,A programme that stores your files and documents,
5/13/2026 8:55:51,70 / 100,Bahn Health Center,Nimba,Record Officer / Data Clerk / Registrar,Self-administered (staff reads independently),A,www.healthliberia.gov.lr,B,C,TRUE,"Enter data as soon as possible after the patient visit, while information is fresh",To ensure correct treatment decisions and reliable health reports,Click the link and enter your password immediately,FALSE,A tool used to access and view websites on the internet,
5/13/2026 9:06:16,40 / 100,Bahn Health Center,Nimba,Lab / Pharmacy Staff,Self-administered (staff reads independently),B,www.healthliberia.gov.lr,B,C,TRUE,Wait until the system is connected to the internet before entering any data,To ensure correct treatment decisions and reliable health reports,Reply with your password so they can verify,FALSE,A type of internet connection,
5/13/2026 9:23:34,90 / 100,Bahn Health Center,Nimba,ER Nurse ,Self-administered (staff reads independently),A,healthworker@moh.gov.lr,B,C,TRUE,"Enter data as soon as possible after the patient visit, while information is fresh",To ensure correct treatment decisions and reliable health reports,Click the link and enter your password immediately,TRUE,A tool used to access and view websites on the internet,
5/13/2026 9:40:03,90 / 100,Bahn Health Center,Nimba,Record Officer / Data Clerk / Registrar,Self-administered (staff reads independently),A,healthworker@moh.gov.lr,B,C,TRUE,"Enter data as soon as possible after the patient visit, while information is fresh",To ensure correct treatment decisions and reliable health reports,Ignore it and delete it - it is likely a phishing attempt,TRUE,A tool used to access and view websites on the internet,
5/13/2026 10:20:29,70 / 100,Nyehn Health Center,Montserrado,Screener,Enumerator-read (verbal),A,healthworker@moh.gov.lr,B,C,FALSE,"Enter data as soon as possible after the patient visit, while information is fresh",To ensure correct treatment decisions and reliable health reports,Reply with your password so they can verify,FALSE,A tool used to access and view websites on the internet,
5/13/2026 10:22:01,80 / 100,Nyehn Health Center,Montserrado,Nurse / Midwife,Enumerator-read (verbal),A,healthworker@moh.gov.lr,B,C,FALSE,"Enter data as soon as possible after the patient visit, while information is fresh",To ensure correct treatment decisions and reliable health reports,Click the link and enter your password immediately,TRUE,A tool used to access and view websites on the internet,
5/13/2026 10:36:40,70 / 100,Nyehn Health Center,Montserrado,Nurse/Vaccinator,Enumerator-read (verbal),A,healthworker@moh.gov.lr,B,A,FALSE,"Enter data as soon as possible after the patient visit, while information is fresh",To ensure correct treatment decisions and reliable health reports,Click the link and enter your password immediately,TRUE,A tool used to access and view websites on the internet,
5/13/2026 10:43:21,90 / 100,Nyehn Health Center,Montserrado,Vaccinator,Enumerator-read (verbal),A,healthworker@moh.gov.lr,B,C,TRUE,"Enter data as soon as possible after the patient visit, while information is fresh",To ensure correct treatment decisions and reliable health reports,Click the link and enter your password immediately,TRUE,A tool used to access and view websites on the internet,
5/13/2026 10:51:09,80 / 100,Nyehn Health Center,Montserrado,Social Worker,Enumerator-read (verbal),A,www.healthliberia.gov.lr,B,C,TRUE,"Enter data as soon as possible after the patient visit, while information is fresh",To ensure correct treatment decisions and reliable health reports,Reply with your password so they can verify,TRUE,A tool used to access and view websites on the internet,Thanks for the knowledge.
5/13/2026 10:52:08,70 / 100,Bromely Community Health Center,Montserrado,Nurse / Midwife,Enumerator-read (verbal),A,www.healthliberia.gov.lr,B,A,TRUE,"Enter data as soon as possible after the patient visit, while information is fresh",To ensure correct treatment decisions and reliable health reports,Click the link and enter your password immediately,TRUE,A tool used to access and view websites on the internet,No feedback 
5/13/2026 11:13:40,70 / 100,Bromely Community Health Center,Montserrado,Nurse / Midwife,Enumerator-read (verbal),A,healthworker@moh.gov.lr,B,A,TRUE,"Enter data as soon as possible after the patient visit, while information is fresh",To ensure correct treatment decisions and reliable health reports,Click the link and enter your password immediately,TRUE,A device connected to Wi-Fi,No Comment 
5/13/2026 11:27:58,80 / 100,Bromely Community Health Center,Montserrado,Nurse / Midwife,Enumerator-read (verbal),A,healthworker@moh.gov.lr,B,C,TRUE,"Enter data as soon as possible after the patient visit, while information is fresh",To ensure correct treatment decisions and reliable health reports,Click the link and enter your password immediately,TRUE,A programme that stores your files and documents,I don't have any comment to make 
5/13/2026 13:05:34,60 / 100,Konobo Health Center,Grand Gedeh,Record Officer / Data Clerk / Registrar,Self-administered (staff reads independently),A,healthworker@moh.gov.lr,B,A,TRUE,Wait until the system is connected to the internet before entering any data,To ensure correct treatment decisions and reliable health reports,Click the link and enter your password immediately,TRUE,A programme that stores your files and documents,
5/13/2026 13:18:40,60 / 100,Konobo Health Center,Grand Gedeh,IT / Technical Officer,Self-administered (staff reads independently),A,www.healthliberia.gov.lr,B,A,TRUE,Enter data at end of the week when you have more time,To ensure correct treatment decisions and reliable health reports,Click the link and enter your password immediately,TRUE,A tool used to access and view websites on the internet,
5/13/2026 13:25:59,60 / 100,Konobo Health Center,Grand Gedeh,Community Health Worker,Self-administered (staff reads independently),A,www.healthliberia.gov.lr,B,C,TRUE,"Enter data as soon as possible after the patient visit, while information is fresh",To avoid paying for paper registers,Click the link and enter your password immediately,FALSE,A tool used to access and view websites on the internet,
5/13/2026 13:36:17,60 / 100,Konobo Health Center,Grand Gedeh,Lab / Pharmacy Staff,Self-administered (staff reads independently),A,healthworker@moh.gov.lr,B,A,TRUE,"Enter data as soon as possible after the patient visit, while information is fresh",To make the system run faster,Click the link and enter your password immediately,TRUE,A programme that stores your files and documents,
5/13/2026 13:43:45,90 / 100,Konobo Health Center,Grand Gedeh,Officer-In-Charge / Doctor / Medical Officer / Clinical Officer,Self-administered (staff reads independently),A,healthworker@moh.gov.lr,B,C,TRUE,"Enter data as soon as possible after the patient visit, while information is fresh",To ensure correct treatment decisions and reliable health reports,Click the link and enter your password immediately,TRUE,A tool used to access and view websites on the internet,
5/13/2026 14:17:01,80 / 100,J N Davies Hospital,Montserrado,Nurse / Midwife,Enumerator-read (verbal),A,healthworker@moh.gov.lr,B,C,TRUE,"Enter data as soon as possible after the patient visit, while information is fresh",To ensure correct treatment decisions and reliable health reports,Ignore it and delete it - it is likely a phishing attempt,TRUE,A device connected to Wi-Fi,No. I don't have a comment or feedback 
5/13/2026 14:24:19,80 / 100,J N Davies Hospital,Montserrado,Director of Nursing ,Enumerator-read (verbal),A,healthworker@moh.gov.lr,B,C,TRUE,Wait until the system is connected to the internet before entering any data,To ensure correct treatment decisions and reliable health reports,Click the link and enter your password immediately,TRUE,A tool used to access and view websites on the internet,No Comment 
5/13/2026 14:54:29,60 / 100,J N Davies Hospital,Montserrado,Record Officer / Data Clerk / Registrar,Enumerator-read (verbal),A,healthworker@moh.gov.lr,B,C,TRUE,Wait until the system is connected to the internet before entering any data,To reduce the number of staff needed at the facility,Click the link and enter your password immediately,FALSE,A tool used to access and view websites on the internet,I'm not computer literate and I want to be a computer literate 
5/14/2026 9:19:46,80 / 100,New Georgia Community Health Center,Montserrado,Nurse Aide,Enumerator-read (verbal),A,healthworker@moh.gov.lr,A,C,TRUE,"Enter data as soon as possible after the patient visit, while information is fresh",To ensure correct treatment decisions and reliable health reports,Reply with your password so they can verify,TRUE,A tool used to access and view websites on the internet,
5/14/2026 9:20:00,80 / 100,New Georgia Community Health Center,Montserrado,Nurse / Midwife,Enumerator-read (verbal),A,healthworker@moh.gov.lr,B,C,FALSE,"Enter data as soon as possible after the patient visit, while information is fresh",To ensure correct treatment decisions and reliable health reports,Click the link and enter your password immediately,TRUE,A tool used to access and view websites on the internet,
5/14/2026 9:29:23,50 / 100,New Georgia Community Health Center,Montserrado,Nurse Aid,Enumerator-read (verbal),A,healthworker@moh.gov.lr,B,A,FALSE,Wait until the system is connected to the internet before entering any data,To ensure correct treatment decisions and reliable health reports,Click the link and enter your password immediately,TRUE,A programme that stores your files and documents,
5/14/2026 9:38:33,60 / 100,New Georgia Community Health Center,Montserrado,Nurse Aide,Enumerator-read (verbal),A,www.healthliberia.gov.lr,B,C,FALSE,"Enter data as soon as possible after the patient visit, while information is fresh",To ensure correct treatment decisions and reliable health reports,Click the link and enter your password immediately,TRUE,A device connected to Wi-Fi,
5/14/2026 9:39:02,60 / 100,New Georgia Community Health Center,Montserrado,Nurse / Midwife,Enumerator-read (verbal),A,healthworker@moh.gov.lr,B,D,FALSE,"Enter data as soon as possible after the patient visit, while information is fresh",To ensure correct treatment decisions and reliable health reports,Click the link and enter your password immediately,FALSE,A tool used to access and view websites on the internet,
5/15/2026 10:01:27,70 / 100,Pipeline Health Center,Montserrado,Maternal Child Health ,Enumerator-read (verbal),A,www.healthliberia.gov.lr,B,C,TRUE,"Enter data as soon as possible after the patient visit, while information is fresh",To ensure correct treatment decisions and reliable health reports,Click the link and enter your password immediately,TRUE,A programme that stores your files and documents,Workshop should be conducted to train staff how to use computers 
5/15/2026 10:12:35,70 / 100,Pipeline Health Center,Montserrado,RN and Supervisor for triage department ,Enumerator-read (verbal),A,healthworker@moh.gov.lr,B,C,TRUE,Wait until the system is connected to the internet before entering any data,To ensure correct treatment decisions and reliable health reports,Click the link and enter your password immediately,TRUE,A type of internet connection,I don't have idea on all the questions 
5/15/2026 10:26:25,80 / 100,Pipeline Health Center,Montserrado,Nurse and TB focus person ,Enumerator-read (verbal),A,healthworker@moh.gov.lr,B,A,TRUE,"Enter data as soon as possible after the patient visit, while information is fresh",To ensure correct treatment decisions and reliable health reports,Click the link and enter your password immediately,TRUE,A tool used to access and view websites on the internet,For me I see the exercise important but I suggest that proper training done
5/15/2026 10:35:32,90 / 100,Barnersville HC,Montserrado,"Administrative / Management (HR, Logistics, Finance, etc.)",Enumerator-read (verbal),A,healthworker@moh.gov.lr,B,C,TRUE,"Enter data as soon as possible after the patient visit, while information is fresh",To ensure correct treatment decisions and reliable health reports,Click the link and enter your password immediately,TRUE,A tool used to access and view websites on the internet,
5/15/2026 10:40:40,80 / 100,Barnersville HC,Montserrado,"Administrative / Management (HR, Logistics, Finance, etc.)",Enumerator-read (verbal),A,healthworker@moh.gov.lr,B,C,TRUE,"Enter data as soon as possible after the patient visit, while information is fresh",To ensure correct treatment decisions and reliable health reports,Click the link and enter your password immediately,TRUE,A programme that stores your files and documents,
5/15/2026 10:44:26,90 / 100,Barnersville HC,Montserrado,Lab Student,Enumerator-read (verbal),A,healthworker@moh.gov.lr,B,C,TRUE,"Enter data as soon as possible after the patient visit, while information is fresh",To ensure correct treatment decisions and reliable health reports,Click the link and enter your password immediately,TRUE,A tool used to access and view websites on the internet,
5/15/2026 10:59:12,60 / 100,Barnersville HC,Montserrado,Record Officer / Data Clerk / Registrar,Enumerator-read (verbal),A,healthworker@moh.gov.lr,B,C,FALSE,"Enter data as soon as possible after the patient visit, while information is fresh",To ensure correct treatment decisions and reliable health reports,Reply with your password so they can verify,FALSE,A type of internet connection,The assessment is encouraging. 
5/15/2026 11:06:23,70 / 100,Barnersville HC,Montserrado,Nurse / Midwife,Enumerator-read (verbal),A,healthworker@moh.gov.lr,A,C,TRUE,"Enter data as soon as possible after the patient visit, while information is fresh",To ensure correct treatment decisions and reliable health reports,Reply with your password so they can verify,TRUE,A programme that stores your files and documents,
5/15/2026 12:04:02,50 / 100,Gbarzon Health Center,Grand Gedeh,Lab / Pharmacy Staff,Self-administered (staff reads independently),A,www.healthliberia.gov.lr,B,D,TRUE,Wait until the system is connected to the internet before entering any data,To ensure correct treatment decisions and reliable health reports,Click the link and enter your password immediately,TRUE,A type of internet connection,
5/15/2026 12:13:25,50 / 100,Garzon Health Center,Grand Gedeh,Nurse / Midwife,Self-administered (staff reads independently),B,healthworker@moh.gov.lr,B,D,TRUE,"Enter data as soon as possible after the patient visit, while information is fresh",To avoid paying for paper registers,Reply with your password so they can verify,TRUE,A device connected to Wi-Fi,
5/15/2026 12:21:06,70 / 100,Gbarzon Health Center,Grand Gedeh,Lab / Pharmacy Staff,Self-administered (staff reads independently),A,healthworker@moh.gov.lr,B,D,TRUE,"Enter data as soon as possible after the patient visit, while information is fresh",To make the system run faster,Click the link and enter your password immediately,TRUE,A tool used to access and view websites on the internet,
5/15/2026 12:24:22,80 / 100,Garzon Health Center,Grand Gedeh,Physician Assistant,Self-administered (staff reads independently),A,www.healthliberia.gov.lr,B,C,TRUE,"Enter data as soon as possible after the patient visit, while information is fresh",To ensure correct treatment decisions and reliable health reports,Click the link and enter your password immediately,TRUE,A tool used to access and view websites on the internet,
5/15/2026 14:13:30,70 / 100,Chocolate City HC,Montserrado,Record Officer / Data Clerk / Registrar,Enumerator-read (verbal),A,healthworker@moh.gov.lr,B,C,TRUE,Wait until the system is connected to the internet before entering any data,To ensure correct treatment decisions and reliable health reports,Click the link and enter your password immediately,FALSE,A tool used to access and view websites on the internet,
5/15/2026 14:15:50,80 / 100,Chocolate City HC,Montserrado,Vaccinator ,Enumerator-read (verbal),A,healthworker@moh.gov.lr,B,C,TRUE,"Enter data as soon as possible after the patient visit, while information is fresh",To ensure correct treatment decisions and reliable health reports,Reply with your password so they can verify,TRUE,A programme that stores your files and documents,
5/15/2026 14:17:14,70 / 100,Duport Road Health Center,Montserrado,Nurse / Midwife,Enumerator-read (verbal),A,healthworker@moh.gov.lr,B,C,TRUE,"Enter data as soon as possible after the patient visit, while information is fresh",To ensure correct treatment decisions and reliable health reports,Click the link and enter your password immediately,FALSE,A programme that stores your files and documents,We want the digital health system to come here and there should also be proper training for staff 
5/15/2026 14:19:48,80 / 100,Chocolate City HC,Montserrado,Nurse Aide,Enumerator-read (verbal),A,healthworker@moh.gov.lr,B,C,TRUE,"Enter data as soon as possible after the patient visit, while information is fresh",To ensure correct treatment decisions and reliable health reports,Forward it to all your colleagues,TRUE,A device connected to Wi-Fi,
5/15/2026 14:23:47,60 / 100,Duport Road Health Center,Montserrado,Nurse / Midwife,Enumerator-read (verbal),A,www.healthliberia.gov.lr,B,C,FALSE,"Enter data as soon as possible after the patient visit, while information is fresh",To ensure correct treatment decisions and reliable health reports,Click the link and enter your password immediately,TRUE,A programme that stores your files and documents,I don't have any comment 
5/15/2026 14:28:57,80 / 100,Chocolate City HC,Montserrado,Nurse / Midwife,Enumerator-read (verbal),A,healthworker@moh.gov.lr,B,C,TRUE,"Enter data as soon as possible after the patient visit, while information is fresh",To make the system run faster,Click the link and enter your password immediately,TRUE,A tool used to access and view websites on the internet,
5/15/2026 14:30:47,60 / 100,Duport Road Health Center,Montserrado,Nurse / Midwife,Enumerator-read (verbal),A,www.healthliberia.gov.lr,B,C,TRUE,"Enter data as soon as possible after the patient visit, while information is fresh",To avoid paying for paper registers,Ignore it and delete it - it is likely a phishing attempt,FALSE,A tool used to access and view websites on the internet,No Comment or feedback to share 
5/15/2026 14:38:11,60 / 100,Chocolate City HC,Montserrado,Record Officer / Data Clerk / Registrar,Self-administered (staff reads independently),C,healthworker@moh.gov.lr,B,C,TRUE,"Enter data as soon as possible after the patient visit, while information is fresh",To make the system run faster,Click the link and enter your password immediately,TRUE,A programme that stores your files and documents,
5/15/2026 16:55:33,80 / 100,Dr. Agnes Varis Health Center,Montserrado,Nurse / Midwife,Enumerator-read (verbal),A,healthworker@moh.gov.lr,B,C,TRUE,"Enter data as soon as possible after the patient visit, while information is fresh",To ensure correct treatment decisions and reliable health reports,Click the link and enter your password immediately,FALSE,A tool used to access and view websites on the internet,Yes. These questions are meant to ask if we have knowledge on computer. 
5/15/2026 17:05:01,30 / 100,Dr. Agnes Varis Health Center,Montserrado,Nurse / Midwife,Enumerator-read (verbal),B,www.healthliberia.gov.lr,B,A,TRUE,"Enter data as soon as possible after the patient visit, while information is fresh",To make the system run faster,Click the link and enter your password immediately,FALSE,A device connected to Wi-Fi,I don't have any knowledge on computer and we encourage you people to come and train us
5/16/2026 11:03:49,90 / 100,Vahun Health Center,Lofa,Officer-In-Charge / Doctor / Medical Officer / Clinical Officer,Self-administered (staff reads independently),A,healthworker@moh.gov.lr,B,C,TRUE,"Enter data as soon as possible after the patient visit, while information is fresh",To ensure correct treatment decisions and reliable health reports,Ignore it and delete it - it is likely a phishing attempt,TRUE,A tool used to access and view websites on the internet,
5/16/2026 11:58:41,80 / 100,Vahun Health Center,Lofa,Nurse / Midwife,Self-administered (staff reads independently),A,healthworker@moh.gov.lr,B,C,FALSE,"Enter data as soon as possible after the patient visit, while information is fresh",To ensure correct treatment decisions and reliable health reports,Click the link and enter your password immediately,TRUE,A tool used to access and view websites on the internet,
5/16/2026 12:00:08,90 / 100,Vahun Health Center,Lofa,"Administrative / Management (HR, Logistics, Finance, etc.)",Self-administered (staff reads independently),A,healthworker@moh.gov.lr,B,C,TRUE,"Enter data as soon as possible after the patient visit, while information is fresh",To ensure correct treatment decisions and reliable health reports,Click the link and enter your password immediately,TRUE,A tool used to access and view websites on the internet,
5/16/2026 12:06:00,80 / 100,Vahun Health Center,Lofa,"Administrative / Management (HR, Logistics, Finance, etc.)",Self-administered (staff reads independently),A,www.healthliberia.gov.lr,B,C,TRUE,"Enter data as soon as possible after the patient visit, while information is fresh",To ensure correct treatment decisions and reliable health reports,Click the link and enter your password immediately,TRUE,A tool used to access and view websites on the internet,
5/17/2026 13:28:29,80 / 100,Vahun Health Center,Lofa,Record Officer / Data Clerk / Registrar,Self-administered (staff reads independently),A,healthworker@moh.gov.lr,B,C,FALSE,"Enter data as soon as possible after the patient visit, while information is fresh",To ensure correct treatment decisions and reliable health reports,Ignore it and delete it - it is likely a phishing attempt,TRUE,A tool used to access and view websites on the internet,
5/17/2026 13:40:46,20 / 100,Foya  Health Center,Lofa,Store Manager ,Self-administered (staff reads independently),B,healthworker@moh.gov.lr,B,A,FALSE,Let another staff member enter the data on your behalf,To make the system run faster,Forward it to all your colleagues,FALSE,A type of internet connection,
5/17/2026 13:45:26,70 / 100,Foya  Health Center,Lofa,"Administrative / Management (HR, Logistics, Finance, etc.)",Self-administered (staff reads independently),C,healthworker@moh.gov.lr,B,C,TRUE,"Enter data as soon as possible after the patient visit, while information is fresh",To ensure correct treatment decisions and reliable health reports,Click the link and enter your password immediately,TRUE,A programme that stores your files and documents,
5/17/2026 13:46:47,70 / 100,Foya  Health Center,Lofa,Nurse / Midwife,Self-administered (staff reads independently),A,healthworker@moh.gov.lr,B,C,FALSE,"Enter data as soon as possible after the patient visit, while information is fresh",To make the system run faster,Ignore it and delete it - it is likely a phishing attempt,TRUE,A programme that stores your files and documents,
5/17/2026 13:48:26,80 / 100,Foya  Health Center,Lofa,Lab / Pharmacy Staff,Self-administered (staff reads independently),A,healthworker@moh.gov.lr,C,C,TRUE,"Enter data as soon as possible after the patient visit, while information is fresh",To ensure correct treatment decisions and reliable health reports,Click the link and enter your password immediately,TRUE,A tool used to access and view websites on the internet,
5/17/2026 13:50:35,80 / 100,Foya  Health Center,Lofa,Lab / Pharmacy Staff,Self-administered (staff reads independently),A,healthworker@moh.gov.lr,B,C,FALSE,"Enter data as soon as possible after the patient visit, while information is fresh",To ensure correct treatment decisions and reliable health reports,Ignore it and delete it - it is likely a phishing attempt,FALSE,A tool used to access and view websites on the internet,
5/18/2026 9:43:10,90 / 100,Cotton Tree Health Center,Margibi,Officer-In-Charge / Doctor / Medical Officer / Clinical Officer,Enumerator-read (verbal),A,healthworker@moh.gov.lr,B,C,TRUE,"Enter data as soon as possible after the patient visit, while information is fresh",To ensure correct treatment decisions and reliable health reports,Click the link and enter your password immediately,TRUE,A tool used to access and view websites on the internet,Knowledge gap on digital tools 
5/18/2026 9:52:33,60 / 100,Cotton Tree Health Center,Margibi,Nursing Directress ,Enumerator-read (verbal),A,www.healthliberia.gov.lr,B,C,TRUE,"Enter data as soon as possible after the patient visit, while information is fresh",To make the system run faster,Click the link and enter your password immediately,TRUE,A type of internet connection,I don't understand the exercise 
5/18/2026 9:59:04,80 / 100,Cotton Tree Health Center,Margibi,"Screener, store room keeper, TB focal person ",Enumerator-read (verbal),A,www.healthliberia.gov.lr,B,C,TRUE,"Enter data as soon as possible after the patient visit, while information is fresh",To ensure correct treatment decisions and reliable health reports,Reply with your password so they can verify,TRUE,A tool used to access and view websites on the internet,No feedback 
5/18/2026 10:22:20,70 / 100,Konia Health Center,Lofa,Officer-In-Charge / Doctor / Medical Officer / Clinical Officer,Self-administered (staff reads independently),A,healthworker@moh.gov.lr,A,C,TRUE,Wait until the system is connected to the internet before entering any data,To ensure correct treatment decisions and reliable health reports,Click the link and enter your password immediately,TRUE,A tool used to access and view websites on the internet,
5/18/2026 10:39:23,80 / 100,Konia Health Center,Lofa,Record Officer / Data Clerk / Registrar,Self-administered (staff reads independently),A,healthworker@moh.gov.lr,B,C,TRUE,"Enter data as soon as possible after the patient visit, while information is fresh",To ensure correct treatment decisions and reliable health reports,Forward it to all your colleagues,TRUE,A type of internet connection,Let the people help us with more training and help with electric devices 
5/18/2026 11:05:10,60 / 100,Konia Health Center,Lofa,Lab / Pharmacy Staff,Self-administered (staff reads independently),A,healthworker@moh.gov.lr,B,C,TRUE,Enter data at end of the week when you have more time,To make the system run faster,Reply with your password so they can verify,TRUE,A device connected to Wi-Fi,
5/18/2026 11:23:36,60 / 100,Konia Health Center,Lofa,Lab / Pharmacy Staff,Self-administered (staff reads independently),C,healthworker@moh.gov.lr,B,C,TRUE,Wait until the system is connected to the internet before entering any data,To ensure correct treatment decisions and reliable health reports,Click the link and enter your password immediately,FALSE,A tool used to access and view websites on the internet,
5/18/2026 11:46:18,80 / 100,Konia Health Center,Lofa,"Administrative / Management (HR, Logistics, Finance, etc.)",Self-administered (staff reads independently),A,healthworker@moh.gov.lr,B,C,TRUE,"Enter data as soon as possible after the patient visit, while information is fresh",To ensure correct treatment decisions and reliable health reports,Click the link and enter your password immediately,TRUE,A programme that stores your files and documents,
5/18/2026 12:04:49,90 / 100,Konia Health Center,Lofa,Nurse / Midwife,Self-administered (staff reads independently),A,healthworker@moh.gov.lr,B,C,TRUE,"Enter data as soon as possible after the patient visit, while information is fresh",To ensure correct treatment decisions and reliable health reports,Click the link and enter your password immediately,TRUE,A tool used to access and view websites on the internet,
5/18/2026 12:17:23,90 / 100,Dolo's Town Health Center,Margibi,Nurse / Midwife,Enumerator-read (verbal),A,healthworker@moh.gov.lr,B,C,TRUE,"Enter data as soon as possible after the patient visit, while information is fresh",To ensure correct treatment decisions and reliable health reports,Click the link and enter your password immediately,TRUE,A tool used to access and view websites on the internet,This exercise was good 
5/18/2026 12:31:37,70 / 100,Dolo's Town Health Center,Margibi,Maternal Child Health ,Enumerator-read (verbal),A,healthworker@moh.gov.lr,B,A,TRUE,"Enter data as soon as possible after the patient visit, while information is fresh",To ensure correct treatment decisions and reliable health reports,Click the link and enter your password immediately,TRUE,A device connected to Wi-Fi,I appreciate the effort you people made to come and do the health digital assessment. And I want you people to come back.
5/18/2026 12:38:03,40 / 100,Dolo's Town Health Center,Margibi,Lab / Pharmacy Staff,Enumerator-read (verbal),A,healthworker@moh.gov.lr,B,D,FALSE,Wait until the system is connected to the internet before entering any data,To ensure correct treatment decisions and reliable health reports,Reply with your password so they can verify,FALSE,A device connected to Wi-Fi,I don't have any comment or feedback 
5/18/2026 13:59:49,70 / 100,Boegeezay Health Center,River Cess,Vaccinator ,Enumerator-read (verbal),A,www.healthliberia.gov.lr,B,C,TRUE,"Enter data as soon as possible after the patient visit, while information is fresh",To make the system run faster,Click the link and enter your password immediately,TRUE,A tool used to access and view websites on the internet,
5/18/2026 14:02:37,50 / 100,Boegeezay Health Center,River Cess,Lab / Pharmacy Staff,Enumerator-read (verbal),A,Health Worker / MOH / Liberia,B,A,FALSE,"Enter data as soon as possible after the patient visit, while information is fresh",To reduce the number of staff needed at the facility,Ignore it and delete it - it is likely a phishing attempt,TRUE,A programme that stores your files and documents,
5/18/2026 14:08:06,80 / 100,Boegeezay Health Center,River Cess,Community Health Worker,Self-administered (staff reads independently),A,healthworker@moh.gov.lr,B,C,TRUE,"Enter data as soon as possible after the patient visit, while information is fresh",To ensure correct treatment decisions and reliable health reports,Click the link and enter your password immediately,TRUE,A type of internet connection,
5/18/2026 14:10:38,100 / 100,Boegeezay Health Center,River Cess,Record Officer / Data Clerk / Registrar,Enumerator-read (verbal),A,healthworker@moh.gov.lr,B,C,TRUE,"Enter data as soon as possible after the patient visit, while information is fresh",To ensure correct treatment decisions and reliable health reports,Ignore it and delete it - it is likely a phishing attempt,TRUE,A tool used to access and view websites on the internet,
5/18/2026 14:38:23,50 / 100,Unification Town Health Center,Margibi,Vaccinator ,Enumerator-read (verbal),A,www.healthliberia.gov.lr,B,C,TRUE,Wait until the system is connected to the internet before entering any data,To reduce the number of staff needed at the facility,Reply with your password so they can verify,TRUE,A type of internet connection,Thank you for coming 
5/18/2026 14:59:44,40 / 100,Unification Town Health Center,Margibi,HIV Focal Person ,Enumerator-read (verbal),A,healthworker@moh.gov.lr,B,A,TRUE,Enter data at end of the week when you have more time,To make the system run faster,Reply with your password so they can verify,FALSE,A programme that stores your files and documents,I don't have any comment or feedback 
5/18/2026 15:13:17,70 / 100,Boegeezay Health Center,River Cess,Nurse / Midwife,Self-administered (staff reads independently),A,healthworker@moh.gov.lr,B,C,TRUE,"Enter data as soon as possible after the patient visit, while information is fresh",To ensure correct treatment decisions and reliable health reports,Click the link and enter your password immediately,FALSE,A type of internet connection,
5/19/2026 11:53:41,60 / 100,Garzon Health Center,Margibi,BSN/Screener ,Enumerator-read (verbal),A,www.healthliberia.gov.lr,B,C,TRUE,"Enter data as soon as possible after the patient visit, while information is fresh",To ensure correct treatment decisions and reliable health reports,Click the link and enter your password immediately,FALSE,A programme that stores your files and documents,It was good going through this short education 
5/19/2026 12:04:22,40 / 100,Garzon Health Center,Margibi,Nurse / Midwife,Enumerator-read (verbal),A,healthworker@moh.gov.lr,B,A,FALSE,Enter data at end of the week when you have more time,To ensure correct treatment decisions and reliable health reports,Click the link and enter your password immediately,FALSE,A programme that stores your files and documents,I don't have the digital tools here 
5/19/2026 12:18:56,60 / 100,Garzon Health Center,Margibi,Record Officer / Data Clerk / Registrar,Enumerator-read (verbal),A,www.healthliberia.gov.lr,B,C,TRUE,"Enter data as soon as possible after the patient visit, while information is fresh",To make the system run faster,Click the link and enter your password immediately,TRUE,A programme that stores your files and documents,I don't think I have any comment or feedback to make 
5/19/2026 13:38:44,70 / 100,Soniwen Health Center,Montserrado,Environmental Health Technician,Self-administered (staff reads independently),B,healthworker@moh.gov.lr,B,C,TRUE,Wait until the system is connected to the internet before entering any data,To ensure correct treatment decisions and reliable health reports,Click the link and enter your password immediately,TRUE,A tool used to access and view websites on the internet,
5/19/2026 13:44:38,50 / 100,Soniwen Health Center,Montserrado,Nurse / Midwife,Self-administered (staff reads independently),A,www.healthliberia.gov.lr,A,A,TRUE,"Enter data as soon as possible after the patient visit, while information is fresh",To ensure correct treatment decisions and reliable health reports,Click the link and enter your password immediately,TRUE,A programme that stores your files and documents,
5/19/2026 13:55:57,60 / 100,Soniwen Health Center,Montserrado,Record Officer / Data Clerk / Registrar,Self-administered (staff reads independently),A,www.healthliberia.gov.lr,B,C,TRUE,Enter data at end of the week when you have more time,To ensure correct treatment decisions and reliable health reports,Click the link and enter your password immediately,TRUE,A programme that stores your files and documents,
5/19/2026 13:59:52,60 / 100,Soniwen Health Center,Montserrado,Maintenance/Housing Officer,Enumerator-read (verbal),D,healthworker@moh.gov.lr,B,A,FALSE,"Enter data as soon as possible after the patient visit, while information is fresh",To ensure correct treatment decisions and reliable health reports,Ignore it and delete it - it is likely a phishing attempt,TRUE,A programme that stores your files and documents,
5/19/2026 14:08:51,90 / 100,Soniwen Health Center,Montserrado,Nurse / Midwife,Self-administered (staff reads independently),A,healthworker@moh.gov.lr,B,C,TRUE,"Enter data as soon as possible after the patient visit, while information is fresh",To ensure correct treatment decisions and reliable health reports,Click the link and enter your password immediately,TRUE,A tool used to access and view websites on the internet,
5/19/2026 15:13:37,90 / 100,Marshall Health Center,Margibi,Mental Health Clinician/Screener ,Enumerator-read (verbal),A,www.healthliberia.gov.lr,B,C,TRUE,"Enter data as soon as possible after the patient visit, while information is fresh",To ensure correct treatment decisions and reliable health reports,Ignore it and delete it - it is likely a phishing attempt,TRUE,A tool used to access and view websites on the internet,The exercise is good and the Internet system will be very fine. And it will also make our work easier. 
5/19/2026 15:21:56,50 / 100,Marshall Health Center,Margibi,Social Worker/Nurse Aide ,Enumerator-read (verbal),A,www.healthliberia.gov.lr,B,A,TRUE,"Enter data as soon as possible after the patient visit, while information is fresh",To ensure correct treatment decisions and reliable health reports,Reply with your password so they can verify,FALSE,A device connected to Wi-Fi,The questions are important but we want to be trained on how to use digital devices. 
5/19/2026 15:33:47,80 / 100,Marshall Health Center,Margibi,Nurse / Midwife,Enumerator-read (verbal),A,healthworker@moh.gov.lr,B,C,TRUE,"Enter data as soon as possible after the patient visit, while information is fresh",To make the system run faster,Ignore it and delete it - it is likely a phishing attempt,TRUE,A type of internet connection,I don't have comment or feedback to share 
5/20/2026 9:07:26,60 / 100,RH Ferguson Health Center,Montserrado,Nurse Aide,Self-administered (staff reads independently),A,healthworker@moh.gov.lr,B,C,TRUE,Enter data at end of the week when you have more time,To make the system run faster,Click the link and enter your password immediately,TRUE,A programme that stores your files and documents,
5/20/2026 9:14:28,50 / 100,RH Ferguson Health Center,Montserrado,Nurse / Midwife,Self-administered (staff reads independently),A,health-worker-moh-2026,B,C,FALSE,"Enter data as soon as possible after the patient visit, while information is fresh",To ensure correct treatment decisions and reliable health reports,Forward it to all your colleagues,FALSE,A programme that stores your files and documents,
5/20/2026 9:21:20,80 / 100,RH Ferguson Health Center,Montserrado,Nurse / Midwife,Self-administered (staff reads independently),A,www.healthliberia.gov.lr,B,C,TRUE,"Enter data as soon as possible after the patient visit, while information is fresh",To ensure correct treatment decisions and reliable health reports,Forward it to all your colleagues,TRUE,A tool used to access and view websites on the internet,
5/20/2026 9:21:34,70 / 100,RH Ferguson Health Center,Montserrado,Nurse / Midwife,Self-administered (staff reads independently),A,healthworker@moh.gov.lr,B,C,FALSE,"Enter data as soon as possible after the patient visit, while information is fresh",To make the system run faster,Forward it to all your colleagues,TRUE,A tool used to access and view websites on the internet,
5/20/2026 9:30:47,70 / 100,RH Ferguson Health Center,Montserrado,Nurse / Midwife,Self-administered (staff reads independently),A,healthworker@moh.gov.lr,B,D,TRUE,"Enter data as soon as possible after the patient visit, while information is fresh",To ensure correct treatment decisions and reliable health reports,Click the link and enter your password immediately,TRUE,A programme that stores your files and documents,
5/20/2026 12:11:38,40 / 100,Clara Town Health Center,Montserrado,Lab / Pharmacy Staff,Self-administered (staff reads independently),C,healthworker@moh.gov.lr,B,A,TRUE,Enter data at end of the week when you have more time,To make the system run faster,Click the link and enter your password immediately,TRUE,A type of internet connection,
5/20/2026 12:12:49,100 / 100,Clara Town Health Center,Montserrado,Nurse / Midwife,Self-administered (staff reads independently),A,healthworker@moh.gov.lr,B,C,TRUE,"Enter data as soon as possible after the patient visit, while information is fresh",To ensure correct treatment decisions and reliable health reports,Ignore it and delete it - it is likely a phishing attempt,TRUE,A tool used to access and view websites on the internet,
5/20/2026 12:19:16,90 / 100,Clara Town Health Center,Montserrado,Nurse / Midwife,Self-administered (staff reads independently),A,healthworker@moh.gov.lr,B,C,TRUE,"Enter data as soon as possible after the patient visit, while information is fresh",To ensure correct treatment decisions and reliable health reports,Click the link and enter your password immediately,TRUE,A tool used to access and view websites on the internet,I need training 
5/20/2026 12:21:55,80 / 100,Clara Town Health Center,Montserrado,Lab / Pharmacy Staff,Self-administered (staff reads independently),A,healthworker@moh.gov.lr,B,C,TRUE,"Enter data as soon as possible after the patient visit, while information is fresh",To ensure correct treatment decisions and reliable health reports,Click the link and enter your password immediately,TRUE,A device connected to Wi-Fi,
06/16/2026 09:40:29,70 / 100,Damballa Health Center,Grand Cape Mount,Record Officer / Data Clerk / Registrar,Self-administered (staff reads independently),,,,,,,,,,,
